Name,Address
Anna Henry,Carlow
Shelby Beck,Tipperary
Marie Carr,Kerry
Sarah Heath,Monaghan
Robert Snyder,Leitrim
Lucas Ross,Cork
David Cox,Leitrim
Jackson Dean,Louth
Elizabeth Mcfarland,Dublin
Timothy Cummings,Limerick
Jennifer Reeves,Offaly
Sandra Knight,Offaly
Karen Roach,Sligo
Megan Clarke,Kildare
Hannah Collier,Leitrim
Crystal Murphy,Clare
Jacob Moore,Longford
Valerie Stewart,Longford
Mrs. Kerry Romero,Limerick
Richard Foley,Offaly
Billy King,Louth
Christopher Mcmahon,Limerick
Gregory Vazquez,Sligo
George Fitzgerald,Carlow
Joshua Perez,Galway
Leonard Brown,Sligo
Anne Anderson,Cork
Marc Chapman,Dublin
Connie Walls,Limerick
Seth Simpson,Westmeath
Laura Miller,Louth
William Hall,Kerry
Katherine Dalton,Kildare
Alan Williams,Galway
Diane Hunt,Westmeath
Lauren Long,Louth
James Williams,Kilkenny
Jeremiah Soto,Sligo
Gregory Charles,Wicklow
Raymond Gould,Clare
Susan Cummings,Cork
Megan Reyes,Offaly
Devin Shaw,Wexford
Kathleen Henderson,Monaghan
John Davis,Dublin
Melanie White,Carlow
Kerry Curry,Galway
Nathan Smith,Roscommon
Sara Lee,Laois
Valerie Rodriguez,Kerry
Raymond Perkins,Clare
David Matthews,Leitrim
Lori Harmon,Carlow
Kayla Rodriguez DVM,Clare
Alan Cabrera,Leitrim
Elizabeth Harper,Donegal
Glenn Gonzalez,Leitrim
Robert Price,Dublin
Tina Holland,Sligo
Melinda Blackwell,Mayo
Christina Bautista,Longford
Scott Whitaker,Offaly
Jeff Stevens,Dublin
Robert Acevedo,Meath
Tracey Olson,Kilkenny
James Walker,Tipperary
Jennifer Sutton,Mayo
Nicholas Carrillo,Laois
Emily Cooper,Kildare
Sabrina Thompson,Longford
Jenny Juarez,Longford
Melissa Lowe,Westmeath
Jesse Chavez,Meath
Kelly Walker,Kildare
Leonard Chen,Galway
Peter Vaughn DDS,Cork
Justin Casey,Louth
Shannon Oneal,Sligo
Robert Fields,Louth
Marcus Malone,Kildare
Paul Nicholson,Wexford
Jared Nguyen,Cavan
Mrs. Sheila Wilkerson,Tipperary
Emily Alvarado,Longford
Christopher Miller,Kerry
Carrie Sullivan,Galway
Jordan Velasquez,Galway
Melissa Bell,Kildare
Frederick Schwartz,Dublin
Stephanie Yates,Meath
Lori Martin,Westmeath
Donna Mason,Longford
Rachel Johnson,Kildare
Morgan Marsh,Westmeath
Daniel Smith,Limerick
Joseph Griffith,Wicklow
Stephen Oneal,Louth
Dana Wade,Mayo
Gail Jones,Waterford
Paul Raymond,Louth
